,lr,epochs,val_acc,train_accs,val_accs,runtime,trial,method
0,1e-06,5,0.152,"[0.10706122448979592, 0.1213265306122449, 0.13283673469387755, 0.135, 0.13673469387755102]","[0.115, 0.124, 0.145, 0.132, 0.154]",73.09940648078918,1,Hidden Search
1,1e-06,6,0.142,"[0.12108163265306122, 0.13710204081632654, 0.1493061224489796, 0.162, 0.16418367346938775, 0.16953061224489796]","[0.115, 0.142, 0.144, 0.166, 0.159, 0.142]",19.036285877227783,2,Hidden Search
2,1e-06,8,0.169,"[0.12195918367346939, 0.14016326530612244, 0.154, 0.16614285714285715, 0.1739387755102041, 0.17942857142857144, 0.1836530612244898]","[0.128, 0.148, 0.158, 0.156, 0.185, 0.166, 0.171]",22.096522092819214,3,Hidden Search
3,1e-06,9,0.172,"[0.11024489795918367, 0.13359183673469388, 0.15340816326530612, 0.17010204081632654, 0.1820204081632653, 0.1900408163265306, 0.19108163265306122, 0.197, 0.19626530612244897]","[0.117, 0.145, 0.139, 0.162, 0.156, 0.186, 0.199, 0.183, 0.185]",28.4261736869812,4,Hidden Search
4,1e-06,11,0.171,"[0.115, 0.1273469387755102, 0.14546938775510204, 0.1603877551020408, 0.17059183673469389, 0.1786530612244898, 0.18579591836734693]","[0.127, 0.136, 0.146, 0.167, 0.176, 0.171, 0.167]",21.77333903312683,5,Hidden Search
5,1e-06,12,0.208,"[0.13685714285714284, 0.15044897959183673, 0.16508163265306122, 0.1806530612244898, 0.19191836734693876, 0.2036326530612245, 0.21381632653061225, 0.21822448979591838]","[0.124, 0.15, 0.167, 0.171, 0.169, 0.203, 0.195, 0.194]",24.738439798355103,6,Hidden Search
6,1e-06,14,0.237,"[0.13961224489795918, 0.154734693877551, 0.16616326530612244, 0.1830408163265306, 0.19151020408163266, 0.20081632653061224, 0.21275510204081632, 0.21997959183673468, 0.22163265306122448, 0.2250204081632653, 0.2294081632653061, 0.22887755102040816]","[0.167, 0.162, 0.183, 0.167, 0.214, 0.197, 0.217, 0.24, 0.241, 0.252, 0.243, 0.223]",38.10433530807495,7,Hidden Search
7,1e-06,15,0.182,"[0.14269387755102042, 0.15351020408163266, 0.1676530612244898, 0.1796938775510204, 0.187, 0.1969591836734694, 0.20746938775510204, 0.21085714285714285]","[0.135, 0.147, 0.164, 0.177, 0.182, 0.187, 0.175, 0.187]",25.96316432952881,8,Hidden Search
8,1e-06,17,0.233,"[0.11108163265306123, 0.13479591836734695, 0.15463265306122448, 0.17618367346938776, 0.1883061224489796, 0.20030612244897958, 0.20859183673469386, 0.2170408163265306, 0.2213877551020408, 0.2243061224489796, 0.23104081632653062, 0.22959183673469388, 0.23461224489795918]","[0.12, 0.159, 0.173, 0.185, 0.203, 0.196, 0.218, 0.234, 0.218, 0.237, 0.255, 0.235, 0.244]",39.63929009437561,9,Hidden Search
9,1e-06,18,0.195,"[0.11748979591836735, 0.1366326530612245, 0.1513265306122449, 0.16244897959183674, 0.176, 0.18920408163265307, 0.20014285714285715, 0.21191836734693878, 0.22059183673469387, 0.22789795918367348]","[0.149, 0.153, 0.143, 0.163, 0.174, 0.186, 0.192, 0.219, 0.209, 0.217]",30.479417085647583,10,Hidden Search
10,1e-06,20,0.217,"[0.11124489795918367, 0.13008163265306122, 0.1479795918367347, 0.16577551020408163, 0.1840408163265306, 0.1957142857142857, 0.20724489795918366, 0.2180816326530612, 0.22210204081632653, 0.22438775510204081, 0.23248979591836735, 0.23373469387755103, 0.23720408163265305]","[0.119, 0.129, 0.144, 0.151, 0.178, 0.209, 0.195, 0.211, 0.216, 0.226, 0.241, 0.237, 0.231]",39.709798097610474,11,Hidden Search
11,1e-06,21,0.191,"[0.11242857142857143, 0.13220408163265307, 0.14548979591836736, 0.15953061224489795, 0.17387755102040817, 0.18936734693877552, 0.19753061224489796, 0.20920408163265306, 0.2163061224489796, 0.2233877551020408, 0.22816326530612244, 0.23075510204081634, 0.23757142857142857]","[0.108, 0.094, 0.136, 0.148, 0.157, 0.173, 0.184, 0.193, 0.198, 0.219, 0.228, 0.22, 0.218]",39.67047715187073,12,Hidden Search
12,1e-06,23,0.207,"[0.10844897959183673, 0.13228571428571428, 0.15220408163265306, 0.17030612244897958, 0.188734693877551, 0.20144897959183675, 0.20883673469387756, 0.2213469387755102, 0.22889795918367348]","[0.098, 0.151, 0.152, 0.182, 0.198, 0.182, 0.221, 0.203, 0.205]",28.27980875968933,13,Hidden Search
13,1e-06,25,0.224,"[0.10165306122448979, 0.11530612244897959, 0.1326530612244898, 0.1536734693877551, 0.17479591836734693, 0.19604081632653061, 0.2060204081632653, 0.22089795918367347, 0.22983673469387755, 0.2386530612244898, 0.2443877551020408]","[0.1, 0.124, 0.131, 0.14, 0.162, 0.185, 0.222, 0.197, 0.241, 0.209, 0.228]",35.597527503967285,14,Hidden Search
14,2.030917620904735e-06,5,0.207,"[0.1320204081632653, 0.1596530612244898, 0.1789795918367347, 0.19163265306122448, 0.1969591836734694]","[0.14, 0.168, 0.193, 0.184, 0.195]",16.170183181762695,15,Hidden Search
15,2.030917620904735e-06,6,0.212,"[0.13559183673469388, 0.16889795918367348, 0.18671428571428572, 0.2055918367346939, 0.21053061224489797, 0.21216326530612245]","[0.155, 0.18, 0.197, 0.215, 0.23, 0.228]",19.338223934173584,16,Hidden Search
16,2.030917620904735e-06,8,0.233,"[0.13093877551020408, 0.16904081632653062, 0.19422448979591836, 0.2183469387755102, 0.2334081632653061, 0.2393673469387755, 0.24612244897959185, 0.24687755102040818]","[0.148, 0.167, 0.192, 0.23, 0.238, 0.244, 0.251, 0.259]",25.905081033706665,17,Hidden Search
17,2.030917620904735e-06,9,0.234,"[0.12383673469387756, 0.15081632653061225, 0.18114285714285713, 0.20018367346938776, 0.21748979591836734, 0.22626530612244897, 0.23469387755102042, 0.2372448979591837, 0.2380204081632653]","[0.119, 0.142, 0.163, 0.197, 0.217, 0.205, 0.226, 0.213, 0.225]",29.08405303955078,18,Hidden Search
18,2.030917620904735e-06,11,0.252,"[0.13142857142857142, 0.16795918367346938, 0.2000204081632653, 0.22197959183673469, 0.2360204081632653, 0.24602040816326531, 0.2533265306122449, 0.25873469387755105, 0.26112244897959186, 0.26393877551020406, 0.2618367346938775]","[0.138, 0.168, 0.2, 0.23, 0.238, 0.254, 0.244, 0.263, 0.277, 0.249, 0.266]",35.44128346443176,19,Hidden Search
19,2.030917620904735e-06,12,0.267,"[0.10648979591836735, 0.14795918367346939, 0.19089795918367347, 0.21767346938775511, 0.23608163265306123, 0.2513673469387755, 0.2573877551020408, 0.2659795918367347, 0.2686938775510204, 0.2705102040816327, 0.2720408163265306, 0.26987755102040817]","[0.118, 0.139, 0.194, 0.2, 0.232, 0.24, 0.236, 0.248, 0.252, 0.252, 0.263, 0.272]",38.85166883468628,20,Hidden Search
20,2.030917620904735e-06,14,0.198,"[0.12563265306122448, 0.1699795918367347, 0.19859183673469388, 0.2200408163265306, 0.22920408163265307, 0.23679591836734695]","[0.114, 0.162, 0.197, 0.23, 0.222, 0.224]",19.37985396385193,21,Hidden Search
21,2.030917620904735e-06,15,0.294,"[0.09930612244897959, 0.14053061224489796, 0.1809795918367347, 0.20951020408163265, 0.2300204081632653, 0.24671428571428572, 0.25687755102040816, 0.26610204081632655, 0.26910204081632655, 0.2742040816326531, 0.28051020408163263, 0.28077551020408165, 0.28185714285714286, 0.28016326530612246, 0.28222448979591835]","[0.09, 0.117, 0.156, 0.201, 0.226, 0.24, 0.234, 0.271, 0.255, 0.272, 0.28, 0.27, 0.286, 0.271, 0.256]",48.78572678565979,22,Hidden Search
22,2.030917620904735e-06,17,0.274,"[0.14489795918367346, 0.19163265306122448, 0.21716326530612245, 0.24046938775510204, 0.24787755102040818, 0.2549795918367347, 0.26440816326530614, 0.2733673469387755, 0.2756326530612245, 0.2820204081632653, 0.28351020408163263, 0.28716326530612246]","[0.131, 0.179, 0.235, 0.237, 0.251, 0.259, 0.245, 0.266, 0.26, 0.279, 0.27, 0.261]",37.98280358314514,23,Hidden Search
23,2.030917620904735e-06,18,0.257,"[0.12451020408163266, 0.1603877551020408, 0.19010204081632653, 0.21275510204081632, 0.2276326530612245, 0.23861224489795918, 0.24912244897959185, 0.2564489795918367, 0.26393877551020406, 0.2662857142857143, 0.2703469387755102, 0.2743061224489796, 0.2781224489795918]","[0.134, 0.154, 0.179, 0.214, 0.214, 0.218, 0.236, 0.239, 0.247, 0.252, 0.273, 0.236, 0.262]",41.89631390571594,24,Hidden Search
24,2.030917620904735e-06,20,0.306,"[0.14361224489795918, 0.17691836734693878, 0.2076326530612245, 0.22920408163265307, 0.25140816326530613, 0.2732857142857143, 0.2859795918367347, 0.2923061224489796, 0.3006530612244898, 0.3063673469387755, 0.31112244897959185, 0.31551020408163266, 0.3179183673469388, 0.31589795918367347]","[0.129, 0.154, 0.186, 0.228, 0.243, 0.267, 0.274, 0.297, 0.301, 0.298, 0.311, 0.313, 0.307, 0.311]",43.263174533843994,25,Hidden Search
25,2.030917620904735e-06,21,0.269,"[0.1249795918367347, 0.16455102040816327, 0.2089387755102041, 0.23779591836734693, 0.25481632653061226, 0.2693877551020408, 0.2763469387755102, 0.28248979591836737, 0.28822448979591836, 0.29544897959183675]","[0.119, 0.155, 0.209, 0.222, 0.243, 0.268, 0.267, 0.307, 0.272, 0.275]",30.933939933776855,26,Hidden Search
26,2.030917620904735e-06,23,0.318,"[0.1236734693877551, 0.15889795918367347, 0.19159183673469388, 0.21997959183673468, 0.24273469387755103, 0.2583673469387755, 0.27116326530612245, 0.281, 0.2901836734693878, 0.29446938775510206, 0.30289795918367346, 0.3046122448979592, 0.30873469387755104]","[0.115, 0.153, 0.188, 0.219, 0.247, 0.267, 0.273, 0.298, 0.26, 0.301, 0.31, 0.284, 0.296]",40.26506686210632,27,Hidden Search
27,2.030917620904735e-06,25,0.326,"[0.13246938775510203, 0.17622448979591837, 0.21585714285714286, 0.24683673469387754, 0.2626734693877551, 0.2752857142857143, 0.2866326530612245, 0.29281632653061224, 0.3016122448979592, 0.3063673469387755, 0.3114081632653061, 0.31673469387755104, 0.3208979591836735, 0.32716326530612244, 0.3253469387755102, 0.3293673469387755, 0.333265306122449]","[0.141, 0.162, 0.222, 0.245, 0.265, 0.271, 0.285, 0.283, 0.296, 0.3, 0.305, 0.306, 0.31, 0.32, 0.327, 0.326, 0.311]",52.56453824043274,28,Hidden Search
28,4.124626382901348e-06,5,0.279,"[0.18606122448979592, 0.23553061224489796, 0.259530612244898, 0.2741224489795918, 0.27579591836734696]","[0.183, 0.236, 0.259, 0.274, 0.261]",15.401438236236572,29,Hidden Search
29,4.124626382901348e-06,6,0.269,"[0.17653061224489797, 0.22995918367346938, 0.2574489795918367, 0.27361224489795916, 0.2787551020408163, 0.2778775510204082]","[0.167, 0.236, 0.265, 0.28, 0.279, 0.287]",18.495678186416626,30,Hidden Search
30,4.124626382901348e-06,8,0.279,"[0.16830612244897958, 0.22689795918367348, 0.2540816326530612, 0.2736326530612245, 0.27883673469387754, 0.2841020408163265, 0.28922448979591836, 0.2897142857142857]","[0.156, 0.234, 0.251, 0.265, 0.278, 0.266, 0.289, 0.29]",25.05284595489502,31,Hidden Search
31,4.124626382901348e-06,9,0.306,"[0.17555102040816326, 0.24261224489795918, 0.27853061224489795, 0.294734693877551, 0.3080612244897959, 0.31442857142857145, 0.32046938775510203, 0.3200816326530612]","[0.183, 0.246, 0.25, 0.31, 0.312, 0.317, 0.303, 0.315]",25.48731780052185,32,Hidden Search
32,4.124626382901348e-06,11,0.305,"[0.15483673469387754, 0.20230612244897958, 0.2379387755102041, 0.2563877551020408, 0.2746734693877551, 0.28389795918367344, 0.28946938775510206, 0.29646938775510207]","[0.159, 0.196, 0.237, 0.234, 0.264, 0.281, 0.28, 0.279]",25.47619104385376,33,Hidden Search
33,4.124626382901348e-06,12,0.299,"[0.18026530612244898, 0.22383673469387755, 0.25773469387755105, 0.2786734693877551, 0.29520408163265305, 0.3093265306122449, 0.31912244897959186, 0.3209795918367347, 0.323]","[0.192, 0.248, 0.276, 0.288, 0.289, 0.301, 0.317, 0.309, 0.299]",28.78666090965271,34,Hidden Search
34,4.124626382901348e-06,14,0.328,"[0.1906530612244898, 0.2336326530612245, 0.2597551020408163, 0.2823469387755102, 0.296734693877551, 0.3083061224489796, 0.3183469387755102, 0.32781632653061227, 0.33087755102040817]","[0.199, 0.244, 0.248, 0.28, 0.282, 0.298, 0.321, 0.306, 0.313]",28.671722650527954,35,Hidden Search
35,4.124626382901348e-06,15,0.276,"[0.15114285714285713, 0.1990612244897959, 0.2416326530612245, 0.26881632653061227, 0.2870204081632653, 0.302469387755102, 0.31351020408163266]","[0.157, 0.197, 0.24, 0.27, 0.292, 0.286, 0.29]",22.199114561080933,36,Hidden Search
36,4.124626382901348e-06,17,0.325,"[0.1560408163265306, 0.21079591836734693, 0.24520408163265306, 0.26793877551020406, 0.28461224489795917, 0.2980816326530612, 0.3084081632653061, 0.3153673469387755, 0.32018367346938775, 0.32551020408163267, 0.32910204081632655, 0.3332040816326531]","[0.139, 0.211, 0.242, 0.269, 0.267, 0.287, 0.311, 0.313, 0.309, 0.326, 0.32, 0.317]",38.2444589138031,37,Hidden Search
37,4.124626382901348e-06,18,0.321,"[0.17030612244897958, 0.22679591836734694, 0.25795918367346937, 0.2798979591836735, 0.2993061224489796, 0.3146734693877551, 0.3262244897959184, 0.3366530612244898, 0.3394285714285714, 0.34620408163265304]","[0.174, 0.253, 0.256, 0.285, 0.298, 0.309, 0.304, 0.327, 0.323, 0.323]",31.917698860168457,38,Hidden Search
38,4.124626382901348e-06,20,0.354,"[0.1856122448979592, 0.24379591836734693, 0.2802857142857143, 0.3023265306122449, 0.3186326530612245, 0.32887755102040817, 0.3396326530612245, 0.34808163265306125, 0.3516938775510204, 0.3580204081632653, 0.3586122448979592, 0.3630816326530612, 0.3655510204081633, 0.36726530612244895, 0.3687142857142857, 0.3702857142857143]","[0.176, 0.234, 0.275, 0.298, 0.307, 0.3, 0.321, 0.339, 0.313, 0.34, 0.343, 0.353, 0.336, 0.363, 0.344, 0.359]",50.79593324661255,39,Hidden Search
39,4.124626382901348e-06,21,0.33,"[0.14585714285714285, 0.2110204081632653, 0.24912244897959185, 0.277, 0.2966326530612245, 0.3156734693877551, 0.3273877551020408, 0.34118367346938777, 0.3438979591836735, 0.35436734693877553]","[0.168, 0.205, 0.232, 0.265, 0.289, 0.318, 0.32, 0.33, 0.33, 0.324]",30.974880695343018,40,Hidden Search
40,4.124626382901348e-06,23,0.32,"[0.1703265306122449, 0.2266938775510204, 0.2520816326530612, 0.2719591836734694, 0.28814285714285715, 0.3030408163265306, 0.31326530612244896, 0.3243061224489796, 0.3321224489795918, 0.3409387755102041, 0.34685714285714286, 0.3504285714285714, 0.35506122448979593]","[0.162, 0.233, 0.25, 0.255, 0.286, 0.293, 0.3, 0.323, 0.323, 0.326, 0.342, 0.337, 0.336]",40.177913188934326,41,Hidden Search
41,4.124626382901348e-06,25,0.32,"[0.15914285714285714, 0.22722448979591836, 0.2669795918367347, 0.2887142857142857, 0.3016734693877551, 0.3163265306122449, 0.33024489795918366, 0.33477551020408164, 0.34224489795918367]","[0.155, 0.232, 0.272, 0.283, 0.289, 0.318, 0.334, 0.33, 0.317]",27.919413805007935,42,Hidden Search
42,8.376776400682924e-06,5,0.321,"[0.2312857142857143, 0.28914285714285715, 0.31451020408163266, 0.32442857142857146, 0.33179591836734695]","[0.242, 0.296, 0.328, 0.333, 0.324]",15.549647808074951,43,Hidden Search
43,8.376776400682924e-06,6,0.335,"[0.21814285714285714, 0.2807142857142857, 0.3076530612244898, 0.3229591836734694, 0.32748979591836735, 0.32948979591836736]","[0.226, 0.264, 0.292, 0.305, 0.324, 0.321]",18.570096254348755,44,Hidden Search
44,8.376776400682924e-06,8,0.332,"[0.2006734693877551, 0.27916326530612245, 0.3066326530612245, 0.3249183673469388, 0.3344285714285714, 0.3410612244897959, 0.34253061224489795, 0.34291836734693876]","[0.196, 0.271, 0.29, 0.307, 0.31, 0.338, 0.33, 0.333]",24.731548070907593,45,Hidden Search
45,8.376776400682924e-06,9,0.337,"[0.20255102040816325, 0.27216326530612245, 0.30442857142857144, 0.3276734693877551, 0.33810204081632655, 0.345734693877551, 0.3500204081632653, 0.352265306122449]","[0.198, 0.248, 0.299, 0.324, 0.32, 0.345, 0.336, 0.329]",24.675659894943237,46,Hidden Search
46,8.376776400682924e-06,11,0.351,"[0.2549795918367347, 0.29875510204081634, 0.3282244897959184, 0.34144897959183673, 0.35375510204081634, 0.36612244897959184, 0.36989795918367346, 0.3776734693877551, 0.3756938775510204]","[0.263, 0.298, 0.329, 0.333, 0.334, 0.346, 0.37, 0.356, 0.364]",27.731146812438965,47,Hidden Search
47,8.376776400682924e-06,12,0.353,"[0.2109795918367347, 0.284, 0.3181428571428571, 0.34044897959183673, 0.3566326530612245, 0.3633061224489796, 0.37181632653061225, 0.378469387755102, 0.37879591836734694, 0.38355102040816325]","[0.208, 0.298, 0.315, 0.345, 0.353, 0.356, 0.363, 0.373, 0.35, 0.369]",31.41053819656372,48,Hidden Search
48,8.376776400682924e-06,14,0.354,"[0.23410204081632652, 0.2933877551020408, 0.31879591836734694, 0.33744897959183673, 0.3522857142857143, 0.3621020408163265, 0.36979591836734693, 0.3753265306122449, 0.380530612244898, 0.3827755102040816, 0.38551020408163267]","[0.215, 0.262, 0.324, 0.33, 0.339, 0.334, 0.349, 0.368, 0.373, 0.352, 0.369]",34.6410813331604,49,Hidden Search
49,8.376776400682924e-06,15,0.358,"[0.24857142857142858, 0.2914081632653061, 0.323, 0.3470408163265306, 0.3563469387755102, 0.3689591836734694, 0.3795918367346939, 0.38581632653061226, 0.39263265306122447]","[0.241, 0.282, 0.285, 0.337, 0.34, 0.363, 0.372, 0.369, 0.369]",28.206488847732544,50,Hidden Search
50,8.376776400682924e-06,17,0.335,"[0.24253061224489797, 0.29818367346938773, 0.32416326530612244, 0.3431224489795918, 0.3584081632653061, 0.3697142857142857, 0.3767755102040816]","[0.232, 0.302, 0.299, 0.337, 0.375, 0.356, 0.358]",22.06990647315979,51,Hidden Search
51,8.376776400682924e-06,18,0.376,"[0.21171428571428572, 0.2704285714285714, 0.3061632653061224, 0.3311224489795918, 0.3524897959183673, 0.3664081632653061, 0.3746938775510204, 0.38210204081632654, 0.3852857142857143, 0.3913061224489796, 0.39355102040816325, 0.39991836734693875, 0.400734693877551, 0.4030408163265306, 0.40218367346938777, 0.40246938775510205]","[0.206, 0.275, 0.291, 0.322, 0.335, 0.351, 0.36, 0.372, 0.364, 0.373, 0.381, 0.39, 0.39, 0.393, 0.389, 0.379]",50.3650381565094,52,Hidden Search
52,8.376776400682924e-06,20,0.359,"[0.22112244897959182, 0.28959183673469385, 0.3169183673469388, 0.338265306122449, 0.35514285714285715, 0.3647959183673469, 0.37942857142857145, 0.38218367346938775]","[0.221, 0.283, 0.308, 0.336, 0.343, 0.379, 0.364, 0.373]",25.282691717147827,53,Hidden Search
53,8.376776400682924e-06,21,0.387,"[0.21851020408163266, 0.2862448979591837, 0.3146122448979592, 0.3400408163265306, 0.3558775510204082, 0.3679795918367347, 0.37795918367346937, 0.386734693877551, 0.39316326530612244, 0.3974285714285714, 0.40246938775510205, 0.405265306122449, 0.4074285714285714, 0.4126530612244898, 0.41320408163265304, 0.4173877551020408, 0.4179795918367347, 0.41614285714285715, 0.4157142857142857, 0.41681632653061224, 0.4156734693877551]","[0.241, 0.283, 0.305, 0.328, 0.351, 0.355, 0.359, 0.362, 0.375, 0.38, 0.398, 0.391, 0.399, 0.404, 0.396, 0.407, 0.408, 0.389, 0.423, 0.411, 0.399]",66.2567503452301,54,Hidden Search
54,8.376776400682924e-06,23,0.334,"[0.20689795918367346, 0.2714489795918367, 0.31495918367346937, 0.33493877551020407, 0.3520204081632653, 0.36544897959183675, 0.3729387755102041, 0.38420408163265307]","[0.198, 0.237, 0.314, 0.317, 0.334, 0.38, 0.359, 0.36]",25.09048628807068,55,Hidden Search
55,8.376776400682924e-06,25,0.401,"[0.23312244897959183, 0.27761224489795916, 0.3136938775510204, 0.33846938775510205, 0.358734693877551, 0.37351020408163266, 0.38524489795918365, 0.3922857142857143, 0.3993061224489796, 0.40579591836734696, 0.412]","[0.236, 0.272, 0.323, 0.328, 0.351, 0.355, 0.377, 0.395, 0.407, 0.405, 0.406]",34.528077602386475,56,Hidden Search
56,1.7012542798525893e-05,5,0.344,"[0.28651020408163264, 0.3260612244897959, 0.3511020408163265, 0.36120408163265305, 0.3666734693877551]","[0.266, 0.294, 0.331, 0.356, 0.354]",15.613034963607788,57,Hidden Search
57,1.7012542798525893e-05,6,0.38,"[0.2836326530612245, 0.3387551020408163, 0.3636734693877551, 0.3745918367346939, 0.3815918367346939, 0.3818979591836735]","[0.306, 0.33, 0.36, 0.351, 0.374, 0.391]",18.797994375228882,58,Hidden Search
58,1.7012542798525893e-05,8,0.398,"[0.2876734693877551, 0.33969387755102043, 0.37012244897959184, 0.3873061224489796, 0.3983265306122449, 0.4055918367346939, 0.40755102040816327, 0.4083469387755102]","[0.273, 0.322, 0.36, 0.365, 0.394, 0.384, 0.402, 0.416]",25.143876791000366,59,Hidden Search
59,1.7012542798525893e-05,9,0.398,"[0.2884081632653061, 0.3430408163265306, 0.37120408163265306, 0.38826530612244897, 0.39808163265306123, 0.4080612244897959, 0.41108163265306125, 0.41238775510204084]","[0.29, 0.339, 0.361, 0.375, 0.386, 0.403, 0.398, 0.39]",25.029926300048828,60,Hidden Search
60,1.7012542798525893e-05,11,0.386,"[0.29318367346938773, 0.34322448979591835, 0.3680204081632653, 0.3883877551020408, 0.40153061224489794, 0.41220408163265304, 0.4212448979591837]","[0.273, 0.327, 0.361, 0.382, 0.414, 0.403, 0.414]",21.884848594665527,61,Hidden Search
61,1.7012542798525893e-05,12,0.42,"[0.2773265306122449, 0.336, 0.3703265306122449, 0.38963265306122447, 0.4011224489795918, 0.40977551020408165, 0.41759183673469386, 0.4254081632653061, 0.42428571428571427, 0.4282448979591837, 0.43044897959183676]","[0.282, 0.314, 0.366, 0.391, 0.382, 0.397, 0.405, 0.419, 0.423, 0.413, 0.421]",34.62779879570007,62,Hidden Search
62,1.7012542798525893e-05,14,0.411,"[0.29636734693877553, 0.3531836734693878, 0.38342857142857145, 0.3958979591836735, 0.4100204081632653, 0.42083673469387756, 0.43144897959183676, 0.4386122448979592]","[0.3, 0.334, 0.379, 0.381, 0.395, 0.416, 0.408, 0.411]",25.388174295425415,63,Hidden Search
63,1.7012542798525893e-05,15,0.435,"[0.2766734693877551, 0.34116326530612245, 0.36942857142857144, 0.3939795918367347, 0.40808163265306124, 0.42181632653061224, 0.42789795918367346, 0.4384489795918367, 0.44040816326530613, 0.4446530612244898, 0.44746938775510203]","[0.275, 0.337, 0.371, 0.399, 0.405, 0.422, 0.43, 0.428, 0.435, 0.432, 0.434]",34.68455982208252,64,Hidden Search
64,1.7012542798525893e-05,17,0.454,"[0.2837142857142857, 0.3420612244897959, 0.37718367346938775, 0.3942857142857143, 0.41291836734693876, 0.4282448979591837, 0.44016326530612243, 0.44816326530612244, 0.4529591836734694, 0.45846938775510204, 0.4610612244897959, 0.46293877551020407, 0.4670612244897959, 0.4683469387755102]","[0.273, 0.334, 0.357, 0.404, 0.426, 0.435, 0.438, 0.439, 0.447, 0.452, 0.461, 0.468, 0.454, 0.463]",44.19236755371094,65,Hidden Search
65,1.7012542798525893e-05,18,0.451,"[0.29787755102040814, 0.3510408163265306, 0.3764489795918367, 0.3957551020408163, 0.4075714285714286, 0.4216938775510204, 0.4310816326530612, 0.43873469387755104, 0.44642857142857145, 0.45146938775510204, 0.45640816326530614]","[0.3, 0.331, 0.364, 0.368, 0.407, 0.422, 0.429, 0.443, 0.452, 0.442, 0.431]",34.47298812866211,66,Hidden Search
66,1.7012542798525893e-05,20,0.455,"[0.2777551020408163, 0.34955102040816327, 0.37618367346938775, 0.3960204081632653, 0.41214285714285714, 0.42253061224489796, 0.4382244897959184, 0.4485918367346939, 0.4536938775510204, 0.4585714285714286, 0.4642040816326531]","[0.285, 0.337, 0.368, 0.38, 0.397, 0.402, 0.419, 0.441, 0.453, 0.451, 0.453]",34.58405041694641,67,Hidden Search
67,1.7012542798525893e-05,21,0.456,"[0.2936122448979592, 0.3497959183673469, 0.37334693877551023, 0.39479591836734695, 0.4149795918367347, 0.42620408163265305, 0.43916326530612243, 0.4453877551020408, 0.45485714285714285, 0.46153061224489794, 0.4653265306122449, 0.469265306122449, 0.4736938775510204, 0.4737959183673469, 0.478, 0.4779387755102041]","[0.292, 0.346, 0.369, 0.38, 0.418, 0.416, 0.421, 0.417, 0.434, 0.445, 0.437, 0.454, 0.447, 0.47, 0.457, 0.446]",50.45199012756348,68,Hidden Search
68,1.7012542798525893e-05,23,0.437,"[0.2795714285714286, 0.3323673469387755, 0.36914285714285716, 0.392734693877551, 0.4114897959183674, 0.42353061224489796, 0.43420408163265306, 0.44442857142857145, 0.4534285714285714, 0.4588163265306122]","[0.274, 0.317, 0.351, 0.386, 0.407, 0.401, 0.424, 0.452, 0.449, 0.449]",31.413578033447266,69,Hidden Search
69,1.7012542798525893e-05,25,0.396,"[0.29089795918367345, 0.3451020408163265, 0.3703877551020408, 0.3921428571428571, 0.40514285714285714, 0.41712244897959183, 0.4270816326530612]","[0.293, 0.331, 0.337, 0.379, 0.405, 0.399, 0.402]",22.066287994384766,70,Hidden Search
70,3.455107294592218e-05,5,0.397,"[0.343265306122449, 0.39202040816326533, 0.40720408163265304, 0.4247142857142857, 0.42412244897959184]","[0.35, 0.38, 0.388, 0.416, 0.413]",15.708064317703247,71,Hidden Search
71,3.455107294592218e-05,6,0.426,"[0.32881632653061227, 0.38446938775510203, 0.4149591836734694, 0.42742857142857144, 0.43610204081632653]","[0.31, 0.368, 0.438, 0.434, 0.437]",15.68086314201355,72,Hidden Search
72,3.455107294592218e-05,8,0.453,"[0.323530612244898, 0.3793265306122449, 0.4116530612244898, 0.4372244897959184, 0.4491428571428571, 0.4573877551020408, 0.46008163265306123, 0.46361224489795916]","[0.296, 0.368, 0.389, 0.43, 0.426, 0.452, 0.461, 0.443]",25.186054229736328,73,Hidden Search
73,3.455107294592218e-05,9,0.448,"[0.3249183673469388, 0.3859183673469388, 0.41453061224489796, 0.43148979591836734, 0.44755102040816325, 0.4562857142857143, 0.46222448979591835, 0.4641224489795918, 0.4660204081632653]","[0.312, 0.375, 0.404, 0.423, 0.439, 0.444, 0.455, 0.437, 0.466]",28.274627685546875,74,Hidden Search
74,3.455107294592218e-05,11,0.478,"[0.339, 0.3883265306122449, 0.4218571428571429, 0.443, 0.4623469387755102, 0.47075510204081633, 0.4804285714285714, 0.48683673469387756, 0.48883673469387756, 0.4877755102040816, 0.49048979591836733]","[0.335, 0.384, 0.423, 0.429, 0.44, 0.451, 0.48, 0.474, 0.484, 0.49, 0.5]",34.67440223693848,75,Hidden Search
75,3.455107294592218e-05,12,0.462,"[0.3385102040816326, 0.38863265306122446, 0.4187959183673469, 0.441, 0.4565918367346939, 0.46846938775510205, 0.47316326530612246, 0.47712244897959183]","[0.338, 0.39, 0.401, 0.417, 0.453, 0.464, 0.464, 0.46]",25.25510811805725,76,Hidden Search
76,3.455107294592218e-05,14,0.477,"[0.33081632653061227, 0.387, 0.42259183673469386, 0.4427551020408163, 0.4628775510204082, 0.47608163265306125, 0.48520408163265305, 0.49083673469387756, 0.4957755102040816, 0.5011428571428571, 0.5013061224489795, 0.5051224489795918, 0.5051020408163265]","[0.317, 0.361, 0.402, 0.432, 0.436, 0.461, 0.462, 0.471, 0.477, 0.494, 0.498, 0.47, 0.485]",41.0987184047699,77,Hidden Search
77,3.455107294592218e-05,15,0.465,"[0.33053061224489794, 0.37773469387755104, 0.4163265306122449, 0.44310204081632654, 0.4639591836734694, 0.4760204081632653, 0.4880204081632653, 0.4957142857142857, 0.5027551020408163]","[0.326, 0.363, 0.408, 0.427, 0.462, 0.469, 0.492, 0.47, 0.475]",28.385878324508667,78,Hidden Search
78,3.455107294592218e-05,17,0.505,"[0.336734693877551, 0.39410204081632655, 0.4259795918367347, 0.4513877551020408, 0.46691836734693876, 0.4843877551020408, 0.4942857142857143, 0.5028163265306123, 0.5094897959183673, 0.5156122448979592, 0.5213673469387755, 0.5219387755102041, 0.5225510204081633]","[0.344, 0.391, 0.417, 0.436, 0.452, 0.459, 0.48, 0.485, 0.492, 0.507, 0.514, 0.511, 0.51]",41.0537805557251,79,Hidden Search
79,3.455107294592218e-05,18,0.486,"[0.33279591836734695, 0.388734693877551, 0.4259591836734694, 0.44971428571428573, 0.4688163265306122, 0.48146938775510206, 0.49585714285714283, 0.5024693877551021, 0.5072448979591837]","[0.304, 0.379, 0.443, 0.448, 0.47, 0.466, 0.499, 0.497, 0.482]",28.234718322753906,80,Hidden Search
80,3.455107294592218e-05,20,0.491,"[0.3383673469387755, 0.39479591836734695, 0.4243061224489796, 0.4466938775510204, 0.46279591836734696, 0.47936734693877553, 0.49375510204081635, 0.5016122448979592, 0.5056530612244898, 0.5143265306122449, 0.5197551020408163, 0.5230204081632653, 0.530734693877551]","[0.324, 0.363, 0.411, 0.429, 0.458, 0.464, 0.474, 0.486, 0.495, 0.495, 0.514, 0.5, 0.51]",40.94536256790161,81,Hidden Search
81,3.455107294592218e-05,21,0.501,"[0.32526530612244897, 0.39048979591836736, 0.4223061224489796, 0.4490816326530612, 0.46608163265306124, 0.4817142857142857, 0.4916530612244898, 0.5014897959183674, 0.510795918367347, 0.5184693877551021, 0.5217755102040816, 0.5272244897959184, 0.5323061224489796, 0.5349183673469388, 0.5382244897959184, 0.5418979591836734, 0.5392040816326531, 0.5423673469387755]","[0.297, 0.387, 0.401, 0.429, 0.449, 0.456, 0.474, 0.477, 0.505, 0.513, 0.51, 0.514, 0.519, 0.527, 0.529, 0.537, 0.516, 0.519]",56.669578552246094,82,Hidden Search
82,3.455107294592218e-05,23,0.506,"[0.32577551020408163, 0.3833061224489796, 0.41612244897959183, 0.4430612244897959, 0.46010204081632655, 0.47538775510204084, 0.4840408163265306, 0.4922244897959184, 0.5041224489795918, 0.5092040816326531, 0.515, 0.5231836734693878, 0.5253061224489796, 0.5305102040816326, 0.5336938775510204, 0.5326938775510204]","[0.329, 0.365, 0.402, 0.447, 0.452, 0.463, 0.482, 0.465, 0.496, 0.501, 0.492, 0.504, 0.507, 0.528, 0.51, 0.511]",50.15431261062622,83,Hidden Search
83,3.455107294592218e-05,25,0.554,"[0.32702040816326533, 0.3823265306122449, 0.42112244897959183, 0.44793877551020406, 0.46438775510204083, 0.48014285714285715, 0.49218367346938774, 0.5032040816326531, 0.5123469387755102, 0.5210816326530612, 0.5256122448979592, 0.5312857142857143, 0.5379387755102041, 0.5423469387755102, 0.5441428571428572, 0.5467142857142857]","[0.324, 0.388, 0.415, 0.432, 0.468, 0.464, 0.487, 0.493, 0.513, 0.505, 0.519, 0.535, 0.532, 0.546, 0.541, 0.542]",50.19194412231445,84,Hidden Search
84,7.017038286703837e-05,5,0.444,"[0.3666326530612245, 0.4293673469387755, 0.4573265306122449, 0.4702857142857143, 0.4733469387755102]","[0.347, 0.416, 0.458, 0.442, 0.47]",15.829679727554321,85,Hidden Search
85,7.017038286703837e-05,6,0.471,"[0.3826122448979592, 0.4377142857142857, 0.4673469387755102, 0.4799591836734694, 0.4920816326530612, 0.49375510204081635]","[0.374, 0.423, 0.447, 0.466, 0.478, 0.472]",18.982356786727905,86,Hidden Search
86,7.017038286703837e-05,8,0.499,"[0.3846734693877551, 0.4360816326530612, 0.4710204081632653, 0.494, 0.506734693877551, 0.5158979591836734, 0.5205306122448979, 0.5211428571428571]","[0.382, 0.422, 0.467, 0.46, 0.505, 0.523, 0.508, 0.513]",25.40819787979126,87,Hidden Search
87,7.017038286703837e-05,9,0.517,"[0.3940408163265306, 0.4460408163265306, 0.48085714285714287, 0.501, 0.5170816326530612, 0.5268979591836734, 0.5304897959183673, 0.5373061224489796, 0.5360204081632653]","[0.379, 0.432, 0.465, 0.475, 0.501, 0.506, 0.517, 0.511, 0.538]",28.493271112442017,88,Hidden Search
88,7.017038286703837e-05,11,0.525,"[0.3756326530612245, 0.43651020408163266, 0.4711020408163265, 0.49212244897959184, 0.5075102040816326, 0.5208163265306123, 0.5260408163265307, 0.5326530612244897, 0.5373265306122449]","[0.366, 0.46, 0.469, 0.489, 0.504, 0.519, 0.523, 0.522, 0.523]",28.354288816452026,89,Hidden Search
89,7.017038286703837e-05,12,0.523,"[0.37526530612244896, 0.4333061224489796, 0.46214285714285713, 0.4831020408163265, 0.49714285714285716, 0.5052448979591837, 0.5143469387755102, 0.5227755102040816, 0.5263673469387755, 0.5303469387755102, 0.5309387755102041, 0.5303061224489796]","[0.375, 0.427, 0.439, 0.479, 0.488, 0.503, 0.507, 0.501, 0.524, 0.513, 0.532, 0.532]",37.81148314476013,90,Hidden Search
90,7.017038286703837e-05,14,0.54,"[0.38095918367346937, 0.4392857142857143, 0.47461224489795917, 0.49179591836734693, 0.5048775510204082, 0.5179591836734694, 0.5281428571428571, 0.5338979591836734, 0.5434489795918367, 0.5486122448979592, 0.5543265306122449, 0.5529591836734694, 0.5525714285714286, 0.553469387755102]","[0.366, 0.417, 0.466, 0.473, 0.494, 0.503, 0.505, 0.525, 0.525, 0.529, 0.525, 0.547, 0.538, 0.54]",44.01546382904053,91,Hidden Search
91,7.017038286703837e-05,15,0.53,"[0.3636122448979592, 0.4294081632653061, 0.46079591836734696, 0.4873877551020408, 0.503265306122449, 0.5196326530612245, 0.5286938775510204, 0.5364081632653062, 0.5454285714285714, 0.550795918367347, 0.5551224489795918]","[0.36, 0.433, 0.448, 0.477, 0.48, 0.495, 0.513, 0.533, 0.548, 0.539, 0.54]",34.71580457687378,92,Hidden Search
92,7.017038286703837e-05,17,0.567,"[0.38418367346938775, 0.44963265306122446, 0.4806938775510204, 0.5036734693877551, 0.5216530612244898, 0.5332040816326531, 0.5422448979591836, 0.5548775510204081, 0.564265306122449, 0.569734693877551, 0.5741836734693877, 0.5762448979591837, 0.5799795918367346, 0.5828775510204082, 0.582469387755102, 0.5819591836734694]","[0.368, 0.441, 0.463, 0.502, 0.506, 0.513, 0.528, 0.542, 0.537, 0.544, 0.558, 0.572, 0.563, 0.579, 0.569, 0.573]",50.414161920547485,93,Hidden Search
93,7.017038286703837e-05,18,0.585,"[0.3760204081632653, 0.44218367346938775, 0.48289795918367345, 0.5042857142857143, 0.5235306122448979, 0.5395918367346939, 0.5533877551020409, 0.5619183673469388, 0.5740612244897959, 0.5782857142857143, 0.5860816326530612, 0.5866326530612245, 0.5903673469387755, 0.5906734693877551]","[0.36, 0.444, 0.452, 0.503, 0.521, 0.525, 0.551, 0.537, 0.563, 0.559, 0.58, 0.586, 0.586, 0.585]",43.88725781440735,94,Hidden Search
94,7.017038286703837e-05,20,0.574,"[0.3846326530612245, 0.44212244897959185, 0.4784897959183673, 0.49118367346938774, 0.5169795918367347, 0.5328571428571428, 0.5507755102040817, 0.5586938775510204, 0.5663673469387756, 0.5734285714285714, 0.5757551020408164, 0.5854897959183674, 0.5867142857142857, 0.587265306122449, 0.5892857142857143]","[0.387, 0.45, 0.448, 0.469, 0.484, 0.504, 0.536, 0.522, 0.543, 0.564, 0.566, 0.557, 0.577, 0.571, 0.568]",46.226293087005615,95,Hidden Search
95,7.017038286703837e-05,21,0.582,"[0.3789795918367347, 0.4440408163265306, 0.4790204081632653, 0.5023673469387755, 0.5202040816326531, 0.5344897959183673, 0.5476122448979592, 0.5610204081632653, 0.5726326530612245, 0.5768775510204082, 0.582204081632653, 0.5891020408163266]","[0.376, 0.421, 0.466, 0.492, 0.509, 0.522, 0.539, 0.541, 0.558, 0.573, 0.572, 0.571]",36.56468868255615,96,Hidden Search
96,7.017038286703837e-05,23,0.548,"[0.37604081632653064, 0.4319387755102041, 0.4724285714285714, 0.49904081632653063, 0.5179387755102041, 0.5386938775510204, 0.5501428571428572, 0.5596938775510204, 0.5695510204081633, 0.5774897959183674]","[0.356, 0.407, 0.463, 0.481, 0.509, 0.518, 0.521, 0.568, 0.559, 0.566]",30.483708381652832,97,Hidden Search
97,7.017038286703837e-05,25,0.579,"[0.3759387755102041, 0.43885714285714283, 0.47344897959183674, 0.5023061224489795, 0.5191020408163265, 0.5323877551020408, 0.547795918367347, 0.5586734693877551, 0.5705714285714286, 0.5774489795918367, 0.5834897959183674, 0.5886734693877551, 0.5926938775510204, 0.5980612244897959]","[0.37, 0.427, 0.483, 0.481, 0.514, 0.536, 0.552, 0.549, 0.561, 0.572, 0.567, 0.606, 0.605, 0.592]",42.720646381378174,98,Hidden Search
98,0.00014251026703029993,5,0.504,"[0.4188571428571429, 0.4812448979591837, 0.5127551020408163, 0.5256530612244898, 0.5328979591836734]","[0.409, 0.458, 0.488, 0.498, 0.498]",15.269615411758423,99,Hidden Search
99,0.00014251026703029993,6,0.521,"[0.42489795918367346, 0.4812448979591837, 0.5141224489795918, 0.5262448979591837, 0.5375510204081633, 0.5404489795918367]","[0.415, 0.472, 0.495, 0.492, 0.55, 0.521]",18.406893253326416,100,Hidden Search
100,0.00014251026703029993,8,0.548,"[0.40691836734693876, 0.4700408163265306, 0.5042857142857143, 0.5282448979591837, 0.5440204081632654, 0.555530612244898, 0.5572244897959183, 0.5611428571428572]","[0.391, 0.467, 0.495, 0.516, 0.554, 0.535, 0.555, 0.556]",24.534744262695312,101,Hidden Search
101,0.00014251026703029993,9,0.583,"[0.4314081632653061, 0.48612244897959184, 0.5205306122448979, 0.5517755102040817, 0.5635918367346939, 0.5718979591836735, 0.5807959183673469, 0.5865102040816327, 0.5854285714285714]","[0.417, 0.477, 0.516, 0.546, 0.555, 0.557, 0.575, 0.569, 0.578]",27.57549786567688,102,Hidden Search
102,0.00014251026703029993,11,0.586,"[0.4165714285714286, 0.47281632653061223, 0.518265306122449, 0.5353673469387755, 0.5622448979591836, 0.5801020408163265, 0.595530612244898, 0.5990816326530612, 0.6002448979591837, 0.604326530612245]","[0.396, 0.438, 0.506, 0.533, 0.544, 0.563, 0.578, 0.615, 0.604, 0.6]",30.720103979110718,103,Hidden Search
103,0.00014251026703029993,12,0.583,"[0.4269591836734694, 0.4707142857142857, 0.5098571428571429, 0.5318367346938776, 0.5575714285714286, 0.5691020408163265, 0.5809795918367346, 0.5901632653061224, 0.5956530612244898, 0.5978163265306122, 0.6006122448979592]","[0.414, 0.479, 0.483, 0.504, 0.543, 0.562, 0.591, 0.561, 0.592, 0.591, 0.591]",33.65761709213257,104,Hidden Search
104,0.00014251026703029993,14,0.613,"[0.42422448979591837, 0.4863877551020408, 0.5131428571428571, 0.5405510204081633, 0.5680816326530612, 0.5777551020408164, 0.5973265306122449, 0.5969795918367347, 0.608938775510204, 0.6132448979591837, 0.6188367346938776, 0.6234489795918368, 0.6198571428571429, 0.6215714285714286]","[0.403, 0.476, 0.504, 0.516, 0.547, 0.579, 0.589, 0.592, 0.605, 0.609, 0.61, 0.613, 0.61, 0.602]",42.96905207633972,105,Hidden Search
105,0.00014251026703029993,15,0.584,"[0.4330204081632653, 0.4834081632653061, 0.5318163265306123, 0.5513469387755102, 0.5756530612244898, 0.5866734693877551, 0.5992448979591837, 0.6036326530612245, 0.6142857142857143]","[0.433, 0.483, 0.537, 0.553, 0.58, 0.582, 0.609, 0.598, 0.601]",27.472227573394775,106,Hidden Search
106,0.00014251026703029993,17,0.607,"[0.42989795918367346, 0.4823265306122449, 0.518734693877551, 0.5570204081632653, 0.5754081632653061, 0.5831224489795919, 0.587204081632653, 0.6061224489795919, 0.6159795918367347, 0.6228979591836735, 0.6281224489795918, 0.6328163265306123, 0.6318571428571429, 0.637265306122449]","[0.433, 0.485, 0.506, 0.546, 0.57, 0.585, 0.586, 0.576, 0.603, 0.622, 0.619, 0.641, 0.61, 0.619]",42.78018307685852,107,Hidden Search
107,0.00014251026703029993,18,0.629,"[0.43310204081632653, 0.4909387755102041, 0.5200816326530612, 0.5547755102040817, 0.577469387755102, 0.5926530612244898, 0.6032857142857143, 0.6075918367346939, 0.6164285714285714, 0.6256530612244898, 0.6324285714285715, 0.6336734693877552, 0.6375918367346939]","[0.424, 0.479, 0.521, 0.547, 0.56, 0.579, 0.597, 0.581, 0.6, 0.602, 0.635, 0.624, 0.62]",39.89987063407898,108,Hidden Search
108,0.00014251026703029993,20,0.605,"[0.43342857142857144, 0.47377551020408165, 0.5194897959183673, 0.5495510204081633, 0.5770408163265306, 0.5756122448979591, 0.5968979591836735, 0.6124489795918368, 0.6199591836734694, 0.6259795918367347]","[0.417, 0.444, 0.507, 0.535, 0.576, 0.559, 0.588, 0.624, 0.602, 0.62]",30.87989592552185,109,Hidden Search
109,0.00014251026703029993,21,0.636,"[0.4223469387755102, 0.4879591836734694, 0.5217142857142857, 0.5529591836734694, 0.5715714285714286, 0.5881836734693877, 0.6016530612244898, 0.6007755102040816, 0.6194897959183674, 0.6315918367346939, 0.6327551020408163, 0.6414285714285715, 0.6390204081632653, 0.6471836734693878, 0.6496122448979592, 0.6503265306122449, 0.6535510204081633]","[0.418, 0.506, 0.515, 0.548, 0.547, 0.589, 0.587, 0.593, 0.605, 0.62, 0.628, 0.636, 0.63, 0.647, 0.656, 0.638, 0.655]",52.143829584121704,110,Hidden Search
110,0.00014251026703029993,23,0.561,"[0.42436734693877554, 0.49387755102040815, 0.5279795918367347, 0.5564285714285714, 0.5800204081632653, 0.5861632653061224]","[0.428, 0.474, 0.52, 0.579, 0.568, 0.572]",18.631259441375732,111,Hidden Search
111,0.00014251026703029993,25,0.615,"[0.4206326530612245, 0.4833265306122449, 0.5239795918367347, 0.5502244897959183, 0.5728979591836735, 0.5881020408163266, 0.5913061224489796, 0.604734693877551, 0.6129183673469388, 0.6252040816326531, 0.6315306122448979, 0.633, 0.6405102040816326]","[0.403, 0.469, 0.529, 0.536, 0.571, 0.59, 0.584, 0.592, 0.604, 0.613, 0.635, 0.608, 0.631]",39.84402251243591,112,Hidden Search
112,0.0002894266124716752,5,0.573,"[0.4701836734693878, 0.5233061224489796, 0.5596734693877551, 0.5800816326530612, 0.5899183673469388]","[0.454, 0.526, 0.562, 0.581, 0.578]",15.271874904632568,113,Hidden Search
113,0.0002894266124716752,6,0.604,"[0.4616734693877551, 0.5342040816326531, 0.5685714285714286, 0.5890204081632653, 0.5972448979591837, 0.6040612244897959]","[0.459, 0.513, 0.555, 0.577, 0.591, 0.595]",18.393133640289307,114,Hidden Search
114,0.0002894266124716752,8,0.617,"[0.45993877551020407, 0.5212448979591837, 0.5736326530612245, 0.5744081632653061, 0.6046122448979592, 0.6195714285714286, 0.6270816326530613, 0.6286530612244898]","[0.439, 0.492, 0.571, 0.557, 0.582, 0.621, 0.616, 0.627]",24.49053716659546,115,Hidden Search
115,0.0002894266124716752,9,0.609,"[0.4423469387755102, 0.49759183673469387, 0.5515714285714286, 0.5774489795918367, 0.6103061224489796, 0.6196938775510205, 0.6273469387755102, 0.6347142857142857, 0.6339387755102041]","[0.434, 0.488, 0.555, 0.596, 0.605, 0.619, 0.627, 0.622, 0.621]",27.605531454086304,116,Hidden Search
116,0.0002894266124716752,11,0.643,"[0.4536122448979592, 0.5179183673469387, 0.5503061224489796, 0.5914897959183674, 0.6075714285714285, 0.6171428571428571, 0.643265306122449, 0.6405306122448979, 0.6491020408163265]","[0.449, 0.511, 0.526, 0.562, 0.609, 0.597, 0.639, 0.627, 0.637]",27.43554162979126,117,Hidden Search
117,0.0002894266124716752,12,0.647,"[0.45922448979591834, 0.524469387755102, 0.5708367346938775, 0.5851224489795919, 0.6115714285714285, 0.6258367346938776, 0.624938775510204, 0.6367755102040816, 0.6522448979591837, 0.6494285714285715, 0.6540816326530612]","[0.443, 0.514, 0.562, 0.589, 0.602, 0.633, 0.619, 0.637, 0.651, 0.633, 0.636]",33.726983070373535,118,Hidden Search
118,0.0002894266124716752,14,0.653,"[0.45302040816326533, 0.5212244897959184, 0.5406734693877551, 0.583265306122449, 0.5923673469387755, 0.6151632653061224, 0.6325714285714286, 0.636265306122449, 0.6426122448979592, 0.6505714285714286, 0.6436122448979592, 0.6593469387755102, 0.658530612244898, 0.6618367346938776]","[0.45, 0.494, 0.54, 0.549, 0.589, 0.624, 0.629, 0.644, 0.628, 0.649, 0.623, 0.65, 0.66, 0.641]",43.070979595184326,119,Hidden Search
119,0.0002894266124716752,15,0.611,"[0.4615918367346939, 0.5181020408163265, 0.5582244897959183, 0.5769387755102041, 0.6072244897959184, 0.6153469387755102, 0.6178367346938776, 0.6372857142857142]","[0.466, 0.497, 0.551, 0.57, 0.589, 0.625, 0.602, 0.609]",24.517839908599854,120,Hidden Search
120,0.0002894266124716752,17,0.65,"[0.45593877551020406, 0.5185510204081633, 0.554795918367347, 0.5802448979591837, 0.6069591836734693, 0.6221020408163266, 0.6224489795918368, 0.6418775510204081, 0.649795918367347, 0.6607755102040817, 0.6591224489795918, 0.666734693877551]","[0.45, 0.499, 0.556, 0.562, 0.597, 0.595, 0.625, 0.639, 0.633, 0.655, 0.647, 0.655]",36.67666053771973,121,Hidden Search
121,0.0002894266124716752,18,0.597,"[0.47181632653061223, 0.5461428571428572, 0.581204081632653, 0.6036530612244898, 0.6176326530612245, 0.6215102040816326]","[0.462, 0.53, 0.578, 0.614, 0.614, 0.611]",18.408297061920166,122,Hidden Search
122,0.0002894266124716752,20,0.636,"[0.46085714285714285, 0.5250816326530612, 0.569734693877551, 0.5690204081632653, 0.6178367346938776, 0.6293673469387755, 0.6365714285714286, 0.6522040816326531, 0.653469387755102, 0.6553265306122449]","[0.458, 0.52, 0.568, 0.551, 0.61, 0.622, 0.621, 0.656, 0.636, 0.646]",30.633267164230347,123,Hidden Search
123,0.0002894266124716752,21,0.676,"[0.4577551020408163, 0.5251428571428571, 0.5660612244897959, 0.5879795918367346, 0.6043673469387755, 0.6126326530612245, 0.6292040816326531, 0.6474489795918368, 0.6573265306122449, 0.6612448979591836, 0.6627142857142857, 0.6741836734693878, 0.6750204081632653, 0.6846530612244898, 0.6890612244897959, 0.6917755102040817]","[0.438, 0.528, 0.558, 0.596, 0.611, 0.614, 0.618, 0.656, 0.663, 0.652, 0.668, 0.68, 0.664, 0.685, 0.673, 0.682]",49.027525901794434,124,Hidden Search
124,0.0002894266124716752,23,0.651,"[0.4669591836734694, 0.5127142857142857, 0.5718367346938775, 0.5962857142857143, 0.5909795918367347, 0.6184285714285714, 0.6335714285714286, 0.6404285714285715, 0.6540204081632653, 0.6638367346938776, 0.6667755102040817, 0.676469387755102]","[0.466, 0.497, 0.562, 0.586, 0.574, 0.599, 0.627, 0.637, 0.655, 0.668, 0.657, 0.663]",36.89366674423218,125,Hidden Search
125,0.0002894266124716752,25,0.652,"[0.45979591836734696, 0.5145510204081633, 0.5615714285714286, 0.5856122448979592, 0.6098367346938776, 0.6311428571428571, 0.6411836734693878, 0.6324693877551021, 0.6546734693877551, 0.6581836734693878, 0.6716734693877551, 0.6744489795918367, 0.6771020408163265, 0.6850816326530612]","[0.464, 0.5, 0.564, 0.568, 0.621, 0.604, 0.635, 0.627, 0.641, 0.645, 0.661, 0.675, 0.664, 0.665]",42.94828915596008,126,Hidden Search
126,0.0005878016072274912,5,0.604,"[0.4744285714285714, 0.5383265306122449, 0.579530612244898, 0.599204081632653, 0.6208571428571429]","[0.479, 0.54, 0.571, 0.589, 0.622]",15.288187742233276,127,Hidden Search
127,0.0005878016072274912,6,0.629,"[0.48759183673469386, 0.5444897959183673, 0.5949591836734693, 0.6011836734693877, 0.6293877551020408, 0.6351836734693878]","[0.507, 0.521, 0.601, 0.582, 0.625, 0.62]",18.435216903686523,128,Hidden Search
128,0.0005878016072274912,8,0.654,"[0.47983673469387755, 0.5311428571428571, 0.598265306122449, 0.6176938775510205, 0.6303061224489795, 0.651734693877551, 0.660795918367347, 0.6648367346938775]","[0.473, 0.519, 0.591, 0.607, 0.613, 0.642, 0.632, 0.658]",24.472999095916748,129,Hidden Search
129,0.0005878016072274912,9,0.646,"[0.4773469387755102, 0.5511428571428572, 0.5937346938775511, 0.6034897959183674, 0.6240408163265306, 0.6514489795918368, 0.6565714285714286, 0.6631428571428571, 0.6674489795918367]","[0.464, 0.519, 0.596, 0.596, 0.616, 0.634, 0.639, 0.643, 0.656]",27.551947593688965,130,Hidden Search
130,0.0005878016072274912,11,0.674,"[0.4937142857142857, 0.5545510204081633, 0.6009183673469388, 0.6174897959183674, 0.6319795918367347, 0.6431428571428571, 0.6674897959183673, 0.6753265306122449, 0.6794285714285714, 0.6864081632653061, 0.6866122448979591]","[0.466, 0.524, 0.604, 0.621, 0.627, 0.646, 0.663, 0.679, 0.683, 0.688, 0.676]",33.5981068611145,131,Hidden Search
131,0.0005878016072274912,12,0.673,"[0.47828571428571426, 0.5633469387755102, 0.5997346938775511, 0.6129795918367347, 0.6260816326530613, 0.6464489795918368, 0.6612244897959184, 0.6776734693877551, 0.6805102040816327, 0.6835510204081633]","[0.483, 0.538, 0.6, 0.623, 0.627, 0.636, 0.656, 0.684, 0.667, 0.658]",30.766156911849976,132,Hidden Search
132,0.0005878016072274912,14,0.674,"[0.4717959183673469, 0.5420204081632654, 0.5721224489795919, 0.5815510204081633, 0.604, 0.6351224489795918, 0.6549387755102041, 0.660469387755102, 0.6670816326530612, 0.6826530612244898, 0.6901428571428572, 0.6914489795918367, 0.6963469387755102]","[0.452, 0.535, 0.554, 0.579, 0.592, 0.63, 0.641, 0.652, 0.654, 0.66, 0.69, 0.675, 0.684]",39.927783250808716,133,Hidden Search
133,0.0005878016072274912,15,0.664,"[0.46622448979591835, 0.5576122448979591, 0.5819591836734694, 0.6023061224489796, 0.6107142857142858, 0.6240408163265306, 0.6660408163265306, 0.6629183673469388, 0.664]","[0.455, 0.549, 0.554, 0.581, 0.614, 0.622, 0.659, 0.65, 0.655]",27.596615076065063,134,Hidden Search
134,0.0005878016072274912,17,0.681,"[0.4963061224489796, 0.5424081632653062, 0.5807959183673469, 0.6202040816326531, 0.6030204081632653, 0.6461428571428571, 0.6584489795918367, 0.667734693877551, 0.6819183673469388, 0.6913877551020409, 0.694204081632653, 0.6964285714285714, 0.7081020408163266]","[0.492, 0.52, 0.563, 0.603, 0.598, 0.645, 0.641, 0.667, 0.67, 0.694, 0.702, 0.67, 0.689]",39.80347275733948,135,Hidden Search
135,0.0005878016072274912,18,0.659,"[0.47975510204081634, 0.5398163265306123, 0.5796326530612245, 0.6068775510204082, 0.631, 0.6317959183673469, 0.6519795918367347, 0.6595510204081633, 0.6651020408163265]","[0.47, 0.543, 0.556, 0.602, 0.636, 0.622, 0.678, 0.643, 0.655]",27.48085880279541,136,Hidden Search
136,0.0005878016072274912,20,0.691,"[0.45940816326530615, 0.546469387755102, 0.587265306122449, 0.628734693877551, 0.6526326530612245, 0.615, 0.6665102040816326, 0.6761224489795918, 0.6855714285714286, 0.6879795918367347, 0.6962448979591837, 0.7017142857142857, 0.7108367346938775, 0.7193061224489796, 0.7228163265306122, 0.7235714285714285]","[0.458, 0.515, 0.567, 0.611, 0.646, 0.601, 0.649, 0.66, 0.68, 0.676, 0.689, 0.7, 0.704, 0.706, 0.7, 0.699]",49.23618412017822,137,Hidden Search
137,0.0005878016072274912,21,0.657,"[0.4766734693877551, 0.5400408163265306, 0.5903265306122449, 0.6020816326530612, 0.6165306122448979, 0.646469387755102, 0.6630612244897959, 0.6456326530612245, 0.6620204081632654]","[0.481, 0.526, 0.588, 0.589, 0.614, 0.648, 0.649, 0.641, 0.631]",27.651970624923706,138,Hidden Search
138,0.0005878016072274912,23,0.701,"[0.47559183673469385, 0.5482244897959183, 0.5962857142857143, 0.5892448979591837, 0.6096122448979592, 0.6502040816326531, 0.6599795918367347, 0.6699183673469388, 0.6841632653061225, 0.6597755102040816, 0.6946938775510204, 0.7033673469387756, 0.7074081632653061, 0.7050612244897959, 0.7170612244897959, 0.7050612244897959, 0.7277959183673469]","[0.458, 0.542, 0.579, 0.59, 0.609, 0.636, 0.647, 0.654, 0.669, 0.633, 0.681, 0.691, 0.696, 0.697, 0.708, 0.68, 0.702]",52.144355058670044,139,Hidden Search
139,0.0005878016072274912,25,0.637,"[0.4816734693877551, 0.5319591836734694, 0.5697142857142857, 0.6187142857142857, 0.6043673469387755, 0.6067755102040816]","[0.478, 0.529, 0.567, 0.63, 0.623, 0.611]",18.362263917922974,140,Hidden Search
140,0.001193776641714437,5,0.64,"[0.48177551020408166, 0.5418571428571428, 0.564734693877551, 0.6172857142857143, 0.6406734693877552]","[0.475, 0.535, 0.56, 0.604, 0.629]",15.314530611038208,141,Hidden Search
141,0.001193776641714437,6,0.641,"[0.47489795918367345, 0.5345714285714286, 0.5691224489795919, 0.6284285714285714, 0.6472244897959184, 0.6575918367346939]","[0.46, 0.522, 0.568, 0.625, 0.623, 0.641]",18.41473913192749,142,Hidden Search
142,0.001193776641714437,8,0.669,"[0.4840408163265306, 0.5582857142857143, 0.5764489795918367, 0.6246122448979592, 0.6512857142857142, 0.6614897959183673, 0.6808979591836735, 0.6855918367346939]","[0.476, 0.565, 0.568, 0.613, 0.642, 0.66, 0.676, 0.679]",24.476929664611816,143,Hidden Search
143,0.001193776641714437,9,0.614,"[0.4783061224489796, 0.5317755102040816, 0.5595510204081633, 0.6194285714285714, 0.635734693877551, 0.6173673469387755]","[0.474, 0.532, 0.551, 0.639, 0.621, 0.6]",18.462493419647217,144,Hidden Search
144,0.001193776641714437,11,0.692,"[0.49028571428571427, 0.5503061224489796, 0.5974285714285714, 0.5995918367346939, 0.6406734693877552, 0.665469387755102, 0.6693877551020408, 0.6834897959183673, 0.6968775510204082, 0.6976326530612245]","[0.482, 0.529, 0.599, 0.565, 0.62, 0.658, 0.639, 0.689, 0.684, 0.678]",30.659984827041626,145,Hidden Search
145,0.001193776641714437,12,0.727,"[0.47712244897959183, 0.5579795918367347, 0.5788163265306122, 0.5986326530612245, 0.6643877551020408, 0.6572448979591837, 0.6811428571428572, 0.7002857142857143, 0.7032448979591837, 0.7153265306122449, 0.7206530612244898, 0.7227551020408163]","[0.491, 0.541, 0.548, 0.566, 0.659, 0.659, 0.662, 0.683, 0.674, 0.706, 0.714, 0.705]",36.82242488861084,146,Hidden Search
146,0.001193776641714437,14,0.714,"[0.5002857142857143, 0.5377551020408163, 0.5869795918367346, 0.6297551020408163, 0.6464285714285715, 0.6768163265306123, 0.6602244897959184, 0.6742448979591836, 0.693469387755102, 0.7028163265306122, 0.7171224489795919, 0.7190816326530612, 0.7267346938775511, 0.7282448979591837]","[0.495, 0.544, 0.586, 0.628, 0.637, 0.659, 0.657, 0.666, 0.665, 0.683, 0.704, 0.71, 0.714, 0.703]",42.950480699539185,147,Hidden Search
147,0.001193776641714437,15,0.714,"[0.48144897959183675, 0.5519387755102041, 0.5940612244897959, 0.6003673469387755, 0.6528571428571428, 0.643673469387755, 0.6662040816326531, 0.6850816326530612, 0.7000816326530612, 0.7120204081632653, 0.7182244897959184, 0.7157755102040816, 0.7257142857142858, 0.7294693877551021, 0.729326530612245]","[0.485, 0.556, 0.595, 0.597, 0.649, 0.632, 0.669, 0.687, 0.698, 0.681, 0.708, 0.689, 0.711, 0.716, 0.722]",45.855356216430664,148,Hidden Search
148,0.001193776641714437,17,0.702,"[0.4859387755102041, 0.5608775510204081, 0.5999387755102041, 0.6478571428571429, 0.6481632653061224, 0.5969387755102041, 0.6598571428571428, 0.6881428571428572, 0.6566122448979592, 0.7064285714285714]","[0.471, 0.558, 0.57, 0.624, 0.644, 0.586, 0.68, 0.692, 0.623, 0.68]",30.70607089996338,149,Hidden Search
149,0.001193776641714437,18,0.663,"[0.4628979591836735, 0.5400612244897959, 0.5795714285714286, 0.6061224489795919, 0.6502448979591837, 0.6204489795918368, 0.6499183673469388]","[0.455, 0.519, 0.558, 0.601, 0.642, 0.603, 0.62]",21.39877438545227,150,Hidden Search
150,0.001193776641714437,20,0.678,"[0.49181632653061225, 0.5535714285714286, 0.5716530612244898, 0.6236530612244898, 0.6511020408163265, 0.6423673469387755, 0.6661836734693878, 0.6875918367346939, 0.677795918367347, 0.6840408163265306]","[0.474, 0.547, 0.547, 0.615, 0.64, 0.652, 0.656, 0.684, 0.642, 0.67]",30.809217929840088,151,Hidden Search
151,0.001193776641714437,21,0.659,"[0.48406122448979594, 0.5586938775510204, 0.5901020408163266, 0.5856122448979592, 0.6453877551020408, 0.6566530612244897, 0.6675102040816326, 0.6503877551020408]","[0.473, 0.542, 0.579, 0.548, 0.634, 0.662, 0.651, 0.634]",24.555280685424805,152,Hidden Search
152,0.001193776641714437,23,0.706,"[0.47459183673469385, 0.5253673469387755, 0.5730816326530612, 0.6075306122448979, 0.6488979591836734, 0.6012244897959184, 0.6704489795918367, 0.6853265306122449, 0.6836530612244898, 0.6958367346938775, 0.6959795918367347, 0.7253673469387755, 0.7165918367346938, 0.6844897959183673]","[0.462, 0.538, 0.551, 0.599, 0.621, 0.598, 0.666, 0.669, 0.682, 0.683, 0.673, 0.708, 0.701, 0.683]",42.97033882141113,153,Hidden Search
153,0.001193776641714437,25,0.622,"[0.48842857142857143, 0.5571836734693878, 0.5789387755102041, 0.6340408163265306, 0.6415918367346939, 0.6397142857142857, 0.6583877551020408]","[0.491, 0.531, 0.56, 0.648, 0.658, 0.63, 0.648]",21.473747730255127,154,Hidden Search
154,0.002424462017082331,5,0.594,"[0.43289795918367346, 0.5005918367346939, 0.5626326530612245, 0.5868163265306122, 0.612204081632653]","[0.398, 0.505, 0.552, 0.581, 0.624]",15.341449499130249,155,Hidden Search
155,0.002424462017082331,6,0.616,"[0.42022448979591837, 0.4886734693877551, 0.547530612244898, 0.5452857142857143, 0.6164693877551021, 0.6317551020408163]","[0.411, 0.481, 0.525, 0.532, 0.608, 0.625]",18.412713527679443,156,Hidden Search
156,0.002424462017082331,8,0.659,"[0.431469387755102, 0.5102448979591837, 0.5585714285714286, 0.6118979591836735, 0.6415918367346939, 0.6433061224489796, 0.6658979591836734, 0.6788163265306122]","[0.401, 0.509, 0.553, 0.586, 0.626, 0.646, 0.665, 0.672]",24.559342861175537,157,Hidden Search
157,0.002424462017082331,9,0.667,"[0.42051020408163264, 0.5020816326530613, 0.5606734693877551, 0.5730204081632653, 0.6062857142857143, 0.6335918367346939, 0.6590612244897959, 0.6733673469387755, 0.6785918367346939]","[0.407, 0.495, 0.555, 0.563, 0.608, 0.629, 0.648, 0.671, 0.668]",27.60882306098938,158,Hidden Search
158,0.002424462017082331,11,0.695,"[0.4332448979591837, 0.48706122448979594, 0.5602448979591836, 0.5877551020408164, 0.6310204081632653, 0.6407142857142857, 0.6588979591836734, 0.6701836734693878, 0.6860612244897959, 0.6894081632653061, 0.6921020408163265]","[0.404, 0.501, 0.547, 0.571, 0.637, 0.637, 0.65, 0.651, 0.66, 0.684, 0.685]",33.81768202781677,159,Hidden Search
159,0.002424462017082331,12,0.593,"[0.43051020408163265, 0.47881632653061224, 0.5583673469387755, 0.5886122448979592, 0.5949591836734693, 0.6095306122448979]","[0.419, 0.466, 0.547, 0.589, 0.585, 0.587]",18.424168586730957,160,Hidden Search
160,0.002424462017082331,14,0.625,"[0.44942857142857146, 0.4923469387755102, 0.5564489795918367, 0.6151428571428571, 0.6353061224489795, 0.6552653061224489, 0.6402857142857142, 0.6467142857142857]","[0.432, 0.492, 0.574, 0.608, 0.624, 0.638, 0.637, 0.632]",24.49821925163269,161,Hidden Search
161,0.002424462017082331,15,0.726,"[0.44240816326530613, 0.485734693877551, 0.5894489795918367, 0.606, 0.5529183673469388, 0.6690612244897959, 0.662795918367347, 0.679, 0.697530612244898, 0.6573877551020408, 0.7110204081632653, 0.7260408163265306, 0.7233673469387755, 0.7334693877551021, 0.7338571428571429]","[0.442, 0.472, 0.582, 0.593, 0.537, 0.645, 0.626, 0.662, 0.692, 0.632, 0.7, 0.705, 0.71, 0.714, 0.728]",46.05598974227905,162,Hidden Search
162,0.002424462017082331,17,0.701,"[0.46091836734693875, 0.5033265306122449, 0.6038367346938776, 0.623265306122449, 0.6408163265306123, 0.6640816326530612, 0.6935714285714286, 0.6834081632653061, 0.7141224489795919, 0.7030408163265306, 0.7033265306122449]","[0.455, 0.491, 0.6, 0.631, 0.644, 0.658, 0.688, 0.67, 0.711, 0.692, 0.704]",33.71288251876831,163,Hidden Search
163,0.002424462017082331,18,0.63,"[0.4253061224489796, 0.5062857142857143, 0.5546938775510204, 0.5798163265306122, 0.6269795918367347, 0.6550612244897959, 0.6579795918367347, 0.6638367346938776]","[0.412, 0.491, 0.545, 0.582, 0.615, 0.655, 0.641, 0.642]",24.49889039993286,164,Hidden Search
164,0.002424462017082331,20,0.649,"[0.4451428571428571, 0.4892448979591837, 0.5534081632653062, 0.6121428571428571, 0.6340204081632653, 0.6090612244897959, 0.6543877551020408, 0.6475306122448979, 0.6401632653061224]","[0.453, 0.492, 0.525, 0.596, 0.618, 0.594, 0.662, 0.651, 0.624]",27.614689350128174,165,Hidden Search
165,0.002424462017082331,21,0.615,"[0.4604489795918367, 0.5269387755102041, 0.5780816326530612, 0.6290204081632653, 0.6138163265306122, 0.6325510204081632]","[0.448, 0.525, 0.564, 0.631, 0.599, 0.622]",18.39461398124695,166,Hidden Search
166,0.002424462017082331,23,0.573,"[0.43157142857142855, 0.5219387755102041, 0.5538367346938775, 0.5512244897959183, 0.5441428571428572]","[0.418, 0.525, 0.572, 0.531, 0.548]",15.401569128036499,167,Hidden Search
167,0.002424462017082331,25,0.681,"[0.4042857142857143, 0.5096326530612245, 0.5566938775510204, 0.5537755102040817, 0.5947142857142858, 0.6355918367346939, 0.6441020408163265, 0.6670816326530612, 0.6804489795918367, 0.6581224489795918, 0.6991428571428572]","[0.381, 0.499, 0.531, 0.544, 0.608, 0.617, 0.646, 0.654, 0.693, 0.653, 0.676]",33.755584955215454,168,Hidden Search
168,0.004923882631706742,5,0.516,"[0.3637755102040816, 0.4256122448979592, 0.4604489795918367, 0.5006530612244898, 0.5273673469387755]","[0.354, 0.413, 0.429, 0.486, 0.506]",15.276714563369751,169,Hidden Search
169,0.004923882631706742,6,0.573,"[0.37795918367346937, 0.43395918367346936, 0.48253061224489796, 0.516265306122449, 0.5492857142857143, 0.5748571428571428]","[0.366, 0.438, 0.468, 0.525, 0.538, 0.574]",18.474848747253418,170,Hidden Search
170,0.004923882631706742,8,0.611,"[0.3792244897959184, 0.4685714285714286, 0.4992244897959184, 0.514, 0.5419591836734694, 0.6094285714285714, 0.6183265306122449, 0.630265306122449]","[0.351, 0.447, 0.476, 0.503, 0.55, 0.607, 0.62, 0.629]",24.587939977645874,171,Hidden Search
171,0.004923882631706742,9,0.577,"[0.32616326530612244, 0.3988979591836735, 0.43926530612244896, 0.4714285714285714, 0.5046326530612245, 0.5570816326530612, 0.5812244897959183, 0.5896122448979592, 0.5965510204081632]","[0.31, 0.374, 0.426, 0.455, 0.504, 0.531, 0.56, 0.566, 0.583]",27.591006755828857,172,Hidden Search
172,0.004923882631706742,11,0.622,"[0.3381224489795918, 0.4052857142857143, 0.4680612244897959, 0.4947755102040816, 0.5003265306122449, 0.5672244897959183, 0.5714489795918367, 0.5941428571428572, 0.6209795918367347, 0.6357551020408163, 0.6370204081632653]","[0.329, 0.373, 0.458, 0.477, 0.498, 0.561, 0.554, 0.578, 0.607, 0.611, 0.636]",33.78011894226074,173,Hidden Search
173,0.004923882631706742,12,0.659,"[0.33679591836734696, 0.4296734693877551, 0.46651020408163263, 0.5050408163265306, 0.516265306122449, 0.5669387755102041, 0.6003469387755102, 0.6041836734693877, 0.631265306122449, 0.646, 0.6539795918367347, 0.6561632653061225]","[0.315, 0.4, 0.444, 0.484, 0.51, 0.543, 0.595, 0.591, 0.615, 0.62, 0.644, 0.639]",36.65237474441528,174,Hidden Search
174,0.004923882631706742,14,0.655,"[0.3315918367346939, 0.4037142857142857, 0.4484489795918367, 0.4725918367346939, 0.5432653061224489, 0.5723673469387756, 0.5761224489795919, 0.5961224489795919, 0.6254693877551021, 0.6431020408163265, 0.647673469387755, 0.6581020408163265, 0.6591428571428571]","[0.324, 0.404, 0.431, 0.461, 0.543, 0.579, 0.584, 0.597, 0.623, 0.631, 0.659, 0.653, 0.655]",39.940685749053955,175,Hidden Search
175,0.004923882631706742,15,0.591,"[0.3690612244897959, 0.4317142857142857, 0.43826530612244896, 0.49751020408163266, 0.5361428571428571, 0.5834081632653061, 0.5910612244897959, 0.580265306122449, 0.5974081632653061]","[0.333, 0.427, 0.417, 0.485, 0.519, 0.566, 0.584, 0.572, 0.58]",27.771289587020874,176,Hidden Search
176,0.004923882631706742,17,0.668,"[0.332734693877551, 0.41589795918367345, 0.4352448979591837, 0.4941020408163265, 0.5453265306122449, 0.5655918367346939, 0.5994897959183674, 0.6100408163265306, 0.630265306122449, 0.6409387755102041, 0.6470204081632653, 0.6436530612244898, 0.6661632653061225, 0.6751224489795918, 0.6812040816326531, 0.6824081632653061, 0.6834489795918367]","[0.319, 0.406, 0.438, 0.479, 0.543, 0.552, 0.573, 0.603, 0.631, 0.641, 0.642, 0.63, 0.655, 0.663, 0.68, 0.681, 0.684]",52.264983892440796,177,Hidden Search
177,0.004923882631706742,18,0.584,"[0.3071020408163265, 0.40408163265306124, 0.4673265306122449, 0.4928571428571429, 0.5166326530612245, 0.5534285714285714, 0.564265306122449, 0.608734693877551, 0.6149795918367347, 0.6396122448979592]","[0.293, 0.395, 0.459, 0.48, 0.49, 0.564, 0.579, 0.605, 0.592, 0.602]",30.76724600791931,178,Hidden Search
178,0.004923882631706742,20,0.689,"[0.3810816326530612, 0.42383673469387756, 0.45985714285714285, 0.5185306122448979, 0.5425102040816326, 0.5705918367346938, 0.6228163265306123, 0.598265306122449, 0.6317551020408163, 0.6594897959183673, 0.668795918367347, 0.6799387755102041, 0.6836326530612244, 0.6799591836734694, 0.6900408163265306, 0.7040204081632653, 0.7105714285714285, 0.7142244897959183, 0.7161020408163266]","[0.375, 0.415, 0.437, 0.516, 0.542, 0.55, 0.611, 0.58, 0.614, 0.655, 0.653, 0.663, 0.665, 0.668, 0.676, 0.691, 0.701, 0.699, 0.692]",58.34473443031311,179,Hidden Search
179,0.004923882631706742,21,0.592,"[0.28906122448979593, 0.378, 0.42397959183673467, 0.4549183673469388, 0.5044081632653061, 0.4729795918367347, 0.5330612244897959, 0.5710816326530612, 0.5942244897959184, 0.6031632653061224, 0.605265306122449, 0.611265306122449]","[0.304, 0.359, 0.409, 0.428, 0.502, 0.459, 0.537, 0.563, 0.581, 0.592, 0.578, 0.59]",36.88510537147522,180,Hidden Search
180,0.004923882631706742,23,0.677,"[0.3594081632653061, 0.4329387755102041, 0.44089795918367347, 0.5125918367346939, 0.5661020408163265, 0.5723877551020408, 0.5724489795918367, 0.5914285714285714, 0.6448571428571429, 0.6473469387755102, 0.6656122448979592, 0.6498163265306123, 0.6697755102040817, 0.6919795918367347, 0.6993061224489796, 0.6894489795918367]","[0.323, 0.438, 0.443, 0.51, 0.556, 0.558, 0.571, 0.594, 0.638, 0.636, 0.654, 0.639, 0.666, 0.68, 0.68, 0.68]",49.06526803970337,181,Hidden Search
181,0.004923882631706742,25,0.683,"[0.41081632653061223, 0.4579795918367347, 0.5186122448979592, 0.5809387755102041, 0.5745918367346938, 0.583469387755102, 0.602530612244898, 0.6351428571428571, 0.6325918367346939, 0.6606326530612245, 0.6912448979591836, 0.665530612244898, 0.6661020408163265]","[0.389, 0.444, 0.51, 0.573, 0.561, 0.59, 0.589, 0.615, 0.617, 0.64, 0.674, 0.65, 0.657]",39.9564471244812,182,Hidden Search
182,0.01,5,0.436,"[0.29191836734693877, 0.33353061224489794, 0.40761224489795916, 0.45977551020408164, 0.4864081632653061]","[0.304, 0.314, 0.386, 0.479, 0.474]",15.382065534591675,183,Hidden Search
183,0.01,6,0.362,"[0.24559183673469387, 0.26271428571428573, 0.31618367346938775, 0.32216326530612244, 0.35975510204081634, 0.367]","[0.23, 0.234, 0.301, 0.296, 0.347, 0.354]",18.401386976242065,184,Hidden Search
184,0.01,8,0.57,"[0.2919795918367347, 0.363265306122449, 0.3852857142857143, 0.45887755102040817, 0.465265306122449, 0.5241020408163265, 0.5498979591836735, 0.5630816326530612]","[0.269, 0.332, 0.371, 0.431, 0.439, 0.513, 0.527, 0.573]",24.576467275619507,185,Hidden Search
185,0.01,9,0.44,"[0.247, 0.28555102040816327, 0.33693877551020407, 0.36051020408163265, 0.39112244897959186, 0.41659183673469385, 0.448, 0.4566938775510204, 0.4654285714285714]","[0.269, 0.287, 0.347, 0.354, 0.383, 0.41, 0.442, 0.459, 0.45]",27.718079805374146,186,Hidden Search
186,0.01,11,0.626,"[0.29259183673469386, 0.40361224489795916, 0.42779591836734693, 0.4704081632653061, 0.5023265306122449, 0.5358571428571428, 0.5637142857142857, 0.6001224489795919, 0.6097551020408163, 0.6190816326530613, 0.6281428571428571]","[0.263, 0.385, 0.43, 0.447, 0.488, 0.519, 0.541, 0.601, 0.595, 0.615, 0.618]",33.834702491760254,187,Hidden Search
187,0.01,12,0.559,"[0.27285714285714285, 0.3213265306122449, 0.34291836734693876, 0.3731632653061224, 0.4297755102040816, 0.45879591836734696, 0.48628571428571427, 0.49512244897959184, 0.5145306122448979, 0.527795918367347, 0.5403673469387755, 0.5426938775510204]","[0.252, 0.323, 0.32, 0.341, 0.435, 0.453, 0.48, 0.492, 0.52, 0.526, 0.526, 0.545]",36.99468755722046,188,Hidden Search
188,0.01,14,0.321,"[0.22987755102040816, 0.2818163265306122, 0.2895714285714286, 0.31742857142857145, 0.31589795918367347, 0.33710204081632655]","[0.254, 0.286, 0.301, 0.326, 0.318, 0.316]",18.375954627990723,189,Hidden Search
189,0.01,15,0.083,"[0.10034693877551021, 0.10034693877551021, 0.10036734693877551]","[0.083, 0.083, 0.082]",9.2324857711792,190,Hidden Search
190,0.01,17,0.227,"[0.1983265306122449, 0.20842857142857144, 0.22187755102040815]","[0.226, 0.197, 0.204]",9.180387258529663,191,Hidden Search
191,0.01,18,0.603,"[0.29136734693877553, 0.35867346938775513, 0.3921428571428571, 0.43781632653061225, 0.4408367346938776, 0.4609591836734694, 0.521, 0.510061224489796, 0.5747959183673469, 0.5936326530612245, 0.5666938775510204, 0.603530612244898, 0.6073061224489796, 0.618061224489796]","[0.26, 0.346, 0.387, 0.42, 0.45, 0.445, 0.512, 0.507, 0.555, 0.587, 0.533, 0.6, 0.592, 0.597]",42.946263790130615,192,Hidden Search
192,0.01,20,0.607,"[0.2626122448979592, 0.34789795918367344, 0.3555510204081633, 0.40944897959183674, 0.43373469387755104, 0.5145918367346939, 0.5225102040816326, 0.5501020408163265, 0.5867755102040816, 0.567469387755102, 0.5977755102040816]","[0.248, 0.338, 0.327, 0.398, 0.412, 0.503, 0.516, 0.54, 0.592, 0.571, 0.563]",33.83070683479309,193,Hidden Search
193,0.01,21,0.583,"[0.25940816326530614, 0.3262244897959184, 0.35759183673469386, 0.40420408163265303, 0.4266530612244898, 0.4542857142857143, 0.483734693877551, 0.5127551020408163, 0.5410816326530612, 0.5485918367346939, 0.574469387755102, 0.5148367346938776, 0.5759387755102041, 0.6004081632653061, 0.6064489795918367, 0.608326530612245]","[0.234, 0.329, 0.349, 0.387, 0.442, 0.455, 0.468, 0.495, 0.519, 0.527, 0.535, 0.509, 0.569, 0.617, 0.613, 0.594]",49.07243728637695,194,Hidden Search
194,0.01,23,0.663,"[0.2597755102040816, 0.29789795918367346, 0.34720408163265304, 0.3643061224489796, 0.4068775510204082, 0.43751020408163266, 0.47183673469387755, 0.497, 0.5217142857142857, 0.5318367346938776, 0.5409183673469388, 0.541469387755102, 0.5796122448979592, 0.5678163265306122, 0.5886326530612245, 0.6196530612244898, 0.6308163265306123, 0.6302857142857143, 0.6410204081632653, 0.6471020408163265, 0.6527551020408163, 0.6554081632653062, 0.6567142857142857]","[0.242, 0.289, 0.323, 0.334, 0.391, 0.424, 0.454, 0.479, 0.527, 0.508, 0.529, 0.524, 0.551, 0.543, 0.592, 0.612, 0.635, 0.636, 0.641, 0.653, 0.649, 0.662, 0.65]",70.6338722705841,195,Hidden Search
195,0.01,25,0.447,"[0.23451020408163264, 0.2936326530612245, 0.3338163265306122, 0.3605714285714286, 0.38557142857142856, 0.39724489795918366, 0.4180204081632653, 0.4506734693877551, 0.44246938775510203, 0.4824897959183673, 0.4607142857142857, 0.4623673469387755]","[0.242, 0.279, 0.317, 0.346, 0.367, 0.367, 0.424, 0.432, 0.428, 0.467, 0.438, 0.449]",36.78874397277832,196,Hidden Search
